{
    "0":{
        "add_obj":0.9461687803,
        "add_att":0.8973988295,
        "replace_obj":0.9800242782,
        "replace_att":0.8565989733,
        "replace_rel":0.7603129148,
        "swap_obj":0.6585365534,
        "swap_att":0.6771771908
    }
}