{
    "add_obj": 0.7453928225024248,
    "add_att": 0.6965317919075145,
    "replace_obj": 0.9176755447941889,
    "replace_att": 0.8058375634517766,
    "replace_rel": 0.6998577524893315,
    "swap_obj": 0.6178861788617886,
    "swap_att": 0.6846846846846847
}